PK-201,Muhammad,Mahad,PK-201,ECONOMY
PK-202,Muhammad,Mahad1,PK-201,ECONOMY
PK-203,Muhammad,Mahad2,PK-201,ECONOMY
PK-204,Muhammad,Mahad3,PK-201,ECONOMY
PK-205,Muhammad,Mahad4,MO-201,ECONOMY
LR-205,Muhammad,Abubakar,TA-201,BUISINESS
LR-205,Muhammad,Fatima,QA-201,BUISINESS
LR-205,Abu,Sadiq,QA-201,BUISINESS
LR-205,Ibrahim,Mahad4,QA-201,BUISINESS
LR-205,Abdullahi,Musa,QA-201,BUISINESS
LR-320,Alexandra, Ivanova,QA-201,BUISINESS
LR-321,Juan, Martinez,SY-201,BUISINESS
LR-322,Ananya, Patel,QA-201,BUISINESS
PK-321,Sohail, Khan,SY-201,ECONOMY
PK-322,Jasmine, Patel,PK-201,ECONOMY
PK-323,Rahul, Sharma,PK-201,ECONOMY
PK-324,Kaori, Suzuki,PK-201,ECONOMY
PK-325,Rajiv, Desai,PK-201,ECONOMY
LR-323,Kim, Min-ji,QA-201,BUISINESS
LR-324,Lucía, García,QA-201,BUISINESS
LR-325,Elif, Yılmaz,QA-201,BUISINESS
LR-326,Mohammed, Al-Farsi,NY-201,BUISINESS
LR-327,Emiko, Sato,QA-201,BUISINESS
PK-326,Hassan, Khan,PK-201,ECONOMY
PK-327,Sana, Ahmed,PK-201,ECONOMY
PK-328,Dinesh, Patel,PK-201,ECONOMY
PK-329,Anastasia, Volkova,PK-201,ECONOMY
PK-330,Abbas, Ali,TA-201,ECONOMY
LR-328,Kim, Dong-hyun,NY-201,BUISINESS
LR-329,Marta, López,NY-201,BUISINESS
LR-330,Mohammed, Hassan,QA-201,BUISINESS
LR-331,Maria, Santos,NY-201,BUISINESS
LR-332,Mustafa, Öztürk,TA-201,BUISINESS
PK-401,Lei, Chen,PK-201,ECONOMY
PK-402,Anna, Kowalczyk,PK-201,ECONOMY
PK-403,Ahmed, Mahmoud,PK-201,ECONOMY
PK-404,Marina, Petrova,PK-201,ECONOMY
PK-405,Satoshi, Tanaka,PK-201,ECONOMY
LR-401,Chen, Wei,QA-201,BUISINESS
LR-402,Anastasiya, Ivanova,QA-201,BUISINESS
LR-403,Abdul, Rahman,QA-201,BUISINESS
LR-404,Yulia, Popova,BA-201,BUISINESS
LR-405,Ahmad, Ali,QA-201,BUISINESS
PK-406,Diego, Fernandez,PK-201,ECONOMY
PK-407,Mariam, Abdel-Hamid,PK-201,ECONOMY
PK-408,Shinji, Nakamura,TK-201,ECONOMY
PK-409,Olga, Sokolova,MO-201,ECONOMY
PK-410,Muhammad, Khan,PK-201,ECONOMY
LR-406,Chen, Li,QA-201,BUISINESS
LR-407,Marta, González,QA-201,BUISINESS
LR-408,Ali, Ahmed,QA-201,BUISINESS
LR-409,Yuki, Suzuki,BA-201,BUISINESS
LR-410,Ahmed, El-Sayed,QA-201,BUISINESS
PK-411,Juan, Rodriguez,PK-201,ECONOMY
PK-412,Yara, Nassar,TA-201,ECONOMY
PK-413,Kenta, Yamamoto,TK-201,ECONOMY
PK-414,Polina, Kuznetsova,MO-201,ECONOMY
PK-415,Rahul, Singh,PK-201,ECONOMY
LR-411,Seo, Min-ji,QA-201,BUISINESS
LR-412,Juan, Martinez,BA-201,BUISINESS
LR-413,Aisha, Al-Saud,TA-201,BUISINESS
LR-414,Ekaterina, Ivanova,MO-201,BUISINESS
LR-415,Abdullah, Al-Farsi,BA-201,BUISINESS
